Country,Localized Name,Count
CL,González,741388.0
CL,Muñoz,578673.0
CL,Rojas,413897.0
CL,Díaz,410802.0
CL,Pérez,326867.0
CL,Soto,298062.0
CL,Contreras,276887.0
CL,Silva,259950.0
CL,Martínez,252966.0
CL,Sepúlveda,251078.0
CL,Morales,248448.0
CL,Rodríguez,243695.0
CL,López,240181.0
CL,Fuentes,228609.0
CL,Hernández,226848.0
CL,Torres,226480.0
CL,Araya,224232.0
CL,Flores,221231.0
CL,Espinoza,219375.0
CL,Valenzuela,215025.0
CL,Castillo,213321.0
CL,Ramírez,211191.0
CL,Reyes,208752.0
CL,Gutiérrez,201734.0
CL,Castro,199508.0
CL,Vargas,198471.0
CL,Álvarez,193002.0
CL,Vásquez,189946.0
CL,Tapia,179905.0
CL,Fernández,179246.0
CL,Sánchez,178615.0
CL,Carrasco,172877.0
CL,Gómez,172758.0
CL,Cortés,171370.0
CL,Herrera,170309.0
CL,Núñez,165806.0
CL,Jara,161085.0
CL,Vergara,155118.0
CL,Rivera,147835.0
CL,Figueroa,145460.0
CL,Riquelme,143590.0
CL,García,142002.0
CL,Miranda,138939.0
CL,Bravo,138392.0
CL,Vera,137646.0
CL,Molina,131094.0
CL,Vega,128132.0
CL,Campos,126260.0
CL,Sandoval,125640.0
CL,Orellana,123619.0
CL,Zúñiga,120757.0
CL,Olivares,120074.0
CL,Alarcón,118019.0
CL,Gallardo,117752.0
CL,Ortiz,117228.0
CL,Garrido,115109.0
CL,Salazar,113881.0
CL,Guzmán,109922.0
CL,Henríquez,109364.0
CL,Saavedra,108702.0
CL,Navarro,107897.0
CL,Aguilera,107864.0
CL,Parra,106100.0
CL,Romero,105597.0
CL,Aravena,105441.0
CL,Pizarro,105352.0
CL,Godoy,103887.0
CL,Peña,103377.0
CL,Cáceres,102830.0
CL,Leiva,99890.0
CL,Escobar,97979.0
CL,Yáñez,96589.0
CL,Valdés,96528.0
CL,Vidal,96037.0
CL,Salinas,94110.0
CL,Cárdenas,93925.0
CL,Jiménez,92032.0
CL,Ruiz,91539.0
CL,Lagos,91024.0
CL,Maldonado,89091.0
CL,Bustos,88445.0
CL,Medina,87578.0
CL,Pino,86295.0
CL,Palma,82735.0
CL,Moreno,82548.0
CL,Sanhueza,82383.0
CL,Carvajal,81785.0
CL,Navarrete,81729.0
CL,Sáez,80938.0
CL,Alvarado,79985.0
CL,Donoso,79855.0
CL,Poblete,79248.0
CL,Bustamante,78732.0
CL,Toro,78659.0
CL,Ortega,78086.0
CL,Venegas,76900.0
CL,Guerrero,76823.0
CL,Paredes,75825.0
CL,Farías,75242.0
CL,San Martín,74575.0
